App,id,Category,Rating,Size,Installs,type,Content,Android,inapp,loc,contac_r,contact_w,media_r,media_w,storage_R,storage_w,cam,ad,label
Coloring book moana,0,ART_AND_DESIGN,3.9,14,"500,000+",0,Everyone,4.0.3 and up,0,0,0,0,1,1,1,1,0,1,1
"U Launcher Lite – FREE Live Cool Themes, Hide Apps",1,ART_AND_DESIGN,4.7,8.7,"5,000,000+",0,Everyone,4.0.3 and up,0,1,0,0,1,1,1,1,0,1,1
Sketch - Draw & Paint,2,ART_AND_DESIGN,4.5,25,"50,000,000+",0,Teen,4.2 and up,1,0,1,0,1,1,1,1,0,1,1
Pixel Draw - Number Art Coloring Book,3,ART_AND_DESIGN,4.3,2.8,"100,000+",0,Everyone,4.4 and up,0,0,0,0,1,1,1,1,1,1,1
Smoke Effect Photo Maker - Smoke Editor,4,ART_AND_DESIGN,3.8,19,"50,000+",0,Everyone,4.0.3 and up,0,0,0,0,1,1,1,1,0,1,1
Infinite Painter,5,ART_AND_DESIGN,4.1,29,"1,000,000+",0,Everyone,4.2 and up,1,0,0,0,1,1,1,1,0,0,1
Garden Coloring Book,6,ART_AND_DESIGN,4.4,33,"1,000,000+",0,Everyone,3.0 and up,1,0,0,0,1,1,1,1,0,1,1
Kids Paint Free - Drawing Fun,7,ART_AND_DESIGN,4.7,3.1,"10,000+",0,Everyone,4.0.3 and up,0,0,0,0,1,1,1,1,0,1,1
Text on Photo - Fonteee,8,ART_AND_DESIGN,4.4,28,"1,000,000+",0,Everyone,4.1 and up,0,0,0,0,1,1,1,1,0,1,1
Name Art Photo Editor - Focus n Filters,9,ART_AND_DESIGN,4.4,12,"1,000,000+",0,Everyone,4.0 and up,0,0,0,0,1,1,1,1,0,1,1
Tattoo Name On My Photo Editor,10,ART_AND_DESIGN,4.2,20,"10,000,000+",0,Teen,4.1 and up,0,1,0,0,1,1,1,1,0,1,1
Mandala Coloring Book,11,ART_AND_DESIGN,4.6,21,"100,000+",0,Everyone,4.4 and up,0,0,1,1,1,1,1,1,0,1,1
3D Color Pixel by Number - Sandbox Art Coloring,12,ART_AND_DESIGN,4.4,37,"100,000+",0,Everyone,2.3 and up,0,1,0,0,1,1,1,1,0,1,1
Photo Designer - Write your name with shapes,13,ART_AND_DESIGN,4.7,5.5,"500,000+",0,Everyone,4.1 and up,0,0,0,0,1,1,1,1,0,1,1
350 Diy Room Decor Ideas,14,ART_AND_DESIGN,4.5,17,"10,000+",0,Everyone,2.3 and up,0,0,0,0,0,0,0,0,0,1,1
FlipaClip - Cartoon animation,15,ART_AND_DESIGN,4.3,39,"5,000,000+",0,Everyone,4.0.3 and up,1,1,1,0,1,1,1,1,0,1,1
ibis Paint X,16,ART_AND_DESIGN,4.6,31,"10,000,000+",0,Everyone,4.1 and up,1,0,0,0,1,1,1,1,0,1,1
Logo Maker - Small Business,17,ART_AND_DESIGN,4,14,"100,000+",0,Everyone,4.1 and up,0,0,0,0,1,1,1,1,0,1,1
Boys Photo Editor - Six Pack & Men's Suit,18,ART_AND_DESIGN,4.1,12,"100,000+",0,Everyone,4.0.3 and up,0,0,0,0,1,1,1,1,0,1,1
Superheroes Wallpapers | 4K Backgrounds,19,ART_AND_DESIGN,4.7,4.2,"500,000+",0,Everyone 10+,4.0.3 and up,0,0,0,0,1,1,1,1,0,1,1
Mcqueen Coloring pages,20,ART_AND_DESIGN,0,7,"100,000+",0,Everyone,4.1 and up,0,0,0,0,1,1,1,1,0,1,1
Harley Quinn wallpapers HD,21,ART_AND_DESIGN,4.8,6,"10,000+",0,Everyone,3.0 and up,0,0,0,0,1,1,1,1,0,1,1
Colorfit - Drawing & Coloring,23,ART_AND_DESIGN,4.7,25,"500,000+",0,Everyone,4.0.3 and up,0,0,0,0,1,1,1,1,0,1,1
Animated Photo Editor,24,ART_AND_DESIGN,4.1,6.1,"100,000+",0,Everyone,4.0.3 and up,0,0,0,0,1,1,1,1,0,1,1
Pink Silver Bow Keyboard Theme,25,ART_AND_DESIGN,4.2,9.2,"100,000+",0,Everyone,4.0.3 and up,0,0,0,0,1,1,1,1,0,0,1
Art Drawing Ideas,26,ART_AND_DESIGN,4.1,5.2,"50,000+",0,Everyone,2.3 and up,0,0,0,0,0,0,0,0,0,1,1
Anime Manga Coloring Book,27,ART_AND_DESIGN,4.5,11,"100,000+",0,Everyone,4.0 and up,1,0,0,0,1,1,1,1,0,1,1
Easy Origami Ideas,28,ART_AND_DESIGN,4.2,11,"100,000+",0,Everyone,4.1 and up,0,0,0,0,0,0,0,0,0,1,1
UNICORN - Color By Number & Pixel Art Coloring,29,ART_AND_DESIGN,4.7,24,"500,000+",0,Everyone,4.4 and up,1,1,0,0,1,1,1,1,1,1,1
Floor Plan Creator,30,ART_AND_DESIGN,4.1,19,"5,000,000+",0,Everyone,2.3.3 and up,1,1,0,0,1,1,1,1,0,1,1
PIP Camera - PIP Collage Maker,31,ART_AND_DESIGN,4.7,11,"10,000+",0,Everyone,4.0.3 and up,0,0,0,0,1,1,1,1,1,1,1
Drawing Clothes Fashion Ideas,32,ART_AND_DESIGN,4.2,15,"10,000+",0,Everyone,4.0.3 and up,0,0,0,0,1,1,1,1,0,1,1
Sad Poetry Photo Frames 2018,33,ART_AND_DESIGN,4.5,10,"100,000+",0,Everyone,4.0.3 and up,0,0,0,0,1,1,1,1,1,1,1
Popsicle Sticks and Similar DIY Craft Ideas,34,ART_AND_DESIGN,4.2,12,"10,000+",0,Everyone,4.1 and up,0,0,0,0,1,1,1,1,0,1,1
Little Teddy Bear Colouring Book Game,35,ART_AND_DESIGN,4.2,8,"100,000+",0,Everyone,4.1 and up,0,0,0,0,1,1,1,1,0,1,1
How To Draw Food,36,ART_AND_DESIGN,4.3,7.9,"100,000+",0,Everyone,2.3 and up,0,0,0,0,0,0,0,0,0,1,1
E-Book Read - Read Book for free,38,BOOKS_AND_REFERENCE,4.5,4.9,"50,000+",0,Everyone,4.4 and up,1,0,0,0,1,1,1,1,0,1,1
Wikipedia,39,BOOKS_AND_REFERENCE,4.4,20,"10,000,000+",0,Everyone,4,0,0,1,0,1,1,1,1,0,0,1
Amazon Kindle,40,BOOKS_AND_REFERENCE,4.2,40,"100,000,000+",0,Teen,4.1,0,0,1,0,1,1,1,1,0,1,1
Cool Reader,41,BOOKS_AND_REFERENCE,4.5,23,"10,000,000+",0,Everyone,1.5 and up,1,0,0,0,1,1,1,1,0,0,1
Dictionary - Merriam-Webster,42,BOOKS_AND_REFERENCE,4.5,25,"10,000,000+",0,Everyone,4.3,1,0,0,0,1,1,1,1,0,1,1
NOOK: Read eBooks & Magazines,43,BOOKS_AND_REFERENCE,4.5,18,"10,000,000+",0,Teen,4,0,1,0,0,0,0,0,0,0,0,1
Free Panda Radio Music,44,BOOKS_AND_REFERENCE,4.5,4.2,"100,000+",0,Everyone,4.1 and up,0,0,0,0,0,0,0,0,0,1,1
Book store,45,BOOKS_AND_REFERENCE,4.4,5.4,"1,000,000+",0,Teen,4.0 and up,0,0,0,0,0,0,0,0,0,1,1
FBReader: Favorite Book Reader,46,BOOKS_AND_REFERENCE,4.5,23,"10,000,000+",0,Everyone,4,0,0,0,0,1,1,1,1,0,1,1
English Grammar Complete Handbook,47,BOOKS_AND_REFERENCE,4.6,2.8,"500,000+",0,Everyone,4.0 and up,0,0,0,0,0,0,0,0,0,1,1
Free Books - Spirit Fanfiction and Stories,48,BOOKS_AND_REFERENCE,4.8,5,"1,000,000+",0,Teen,4.0.3 and up,0,0,0,0,1,1,1,1,0,1,1
Google Play Books,49,BOOKS_AND_REFERENCE,3.9,23,"1,000,000,000+",0,Teen,4,0,0,1,0,1,1,1,1,0,0,1
Offline English Dictionary,50,BOOKS_AND_REFERENCE,4.2,13,"100,000+",0,Everyone,4.0.3 and up,0,0,0,0,1,1,1,1,0,1,1
Oxford Dictionary of English : Free,51,BOOKS_AND_REFERENCE,4.1,7.1,"10,000,000+",0,Everyone,4.1 and up,1,0,0,0,1,1,1,1,0,1,1
Offline: English to Tagalog Dictionary,52,BOOKS_AND_REFERENCE,4.7,6.7,"500,000+",0,Everyone,4.0.3 and up,0,0,0,0,1,1,1,1,0,1,1
Spanish English Translator,53,BOOKS_AND_REFERENCE,4.2,18,"10,000,000+",0,Teen,4,0,0,0,0,0,0,0,0,0,1,1
FamilySearch Tree,54,BOOKS_AND_REFERENCE,4.3,17,"1,000,000+",0,Everyone,4.1 and up,0,1,0,0,1,1,1,1,0,0,1
ReadEra – free ebook reader,55,BOOKS_AND_REFERENCE,4.8,21,"1,000,000+",0,Everyone,4.1 and up,0,0,0,0,1,1,1,1,0,0,1
Ebook Reader,56,BOOKS_AND_REFERENCE,4.1,37,"5,000,000+",0,Everyone,4.0 and up,1,0,0,0,1,1,1,1,0,0,1
Litnet - E-books,57,BOOKS_AND_REFERENCE,4.6,15,"100,000+",0,Teen,4.0 and up,0,0,0,0,1,1,1,1,0,1,1
Read books online,58,BOOKS_AND_REFERENCE,4.1,23,"5,000,000+",0,Mature 17+,4.1 and up,1,0,1,0,1,1,1,1,0,0,1
English to Urdu Dictionary,59,BOOKS_AND_REFERENCE,4.6,19,"500,000+",0,Everyone,4.0.3 and up,0,0,0,0,1,1,1,1,0,1,1
eBoox: book reader fb2 epub zip,60,BOOKS_AND_REFERENCE,4.7,23,"1,000,000+",0,Everyone,3.0 and up,1,0,1,0,1,1,1,1,0,0,1
English Persian Dictionary,61,BOOKS_AND_REFERENCE,4.5,73,"500,000+",0,Everyone,4.0.3 and up,0,1,0,0,1,1,1,1,1,1,1
Flybook,62,BOOKS_AND_REFERENCE,3.9,4.9,"500,000+",0,Mature 17+,2.1 and up,0,0,1,0,1,1,1,1,1,0,1
All Maths Formulas,63,BOOKS_AND_REFERENCE,4.4,6.8,"1,000,000+",0,Everyone,4.4 and up,0,0,0,0,1,1,1,1,0,1,1
Ancestry,64,BOOKS_AND_REFERENCE,4.3,15,"5,000,000+",0,Everyone,4,1,1,0,0,1,1,1,1,0,1,1
English translation from Bengali,65,BOOKS_AND_REFERENCE,4.5,2.9,"100,000+",0,Everyone,4.0 and up,0,0,0,0,1,1,1,1,0,1,1
Free Book Reader,66,BOOKS_AND_REFERENCE,3.4,4,"100,000+",0,Everyone,4.0.3 and up,1,1,0,0,1,1,1,1,0,1,1
eBoox new: Reader for fb2 epub zip books,67,BOOKS_AND_REFERENCE,4.9,21,"50,000+",0,Everyone,3.0 and up,1,0,1,0,1,1,1,1,0,0,1
Moon+ Reader,68,BOOKS_AND_REFERENCE,4.4,18,"10,000,000+",0,Everyone,4,1,0,1,0,1,1,1,1,0,0,1
English-Myanmar Dictionary,69,BOOKS_AND_REFERENCE,4.4,10,"1,000,000+",0,Everyone,4.0 and up,0,0,0,0,1,1,1,1,0,1,1
Golden Dictionary (EN-AR),70,BOOKS_AND_REFERENCE,4.4,6.1,"1,000,000+",0,Everyone,4.2 and up,0,0,0,0,0,0,0,0,0,1,1
All Language Translator Free,71,BOOKS_AND_REFERENCE,4.4,2.1,"1,000,000+",0,Everyone,4.0.3 and up,0,0,0,0,0,0,0,0,0,1,1
Azpen eReader,72,BOOKS_AND_REFERENCE,3.5,42,"500,000+",0,Everyone,2.2 and up,0,0,1,0,1,1,1,1,0,0,1
English Dictionary - Offline,73,BOOKS_AND_REFERENCE,4.4,30,"10,000,000+",0,Everyone 10+,4.2 and up,0,0,0,0,1,1,1,1,0,0,1
ADP Mobile Solutions,74,BUSINESS,4.3,29,"5,000,000+",0,Everyone,5.0 and up,0,1,1,1,1,1,1,1,1,0,1
OfficeSuite : Free Office + PDF Editor,75,BUSINESS,4.3,35,"100,000,000+",0,Everyone,4.1 and up,1,0,1,0,1,1,1,1,0,1,1
USPS MOBILE®,76,BUSINESS,3.9,9.1,"1,000,000+",0,Everyone,4.0.3 and up,0,1,1,0,0,0,0,0,1,0,1
Google Primer,77,BUSINESS,4.4,18,"10,000,000+",0,Everyone,4.1 and up,0,0,0,0,0,0,0,0,0,0,1
SuperLivePro,78,BUSINESS,4.3,21,"1,000,000+",0,Everyone,1.5 and up,0,0,0,0,1,1,1,1,0,0,1
Polaris Office for LG,79,BUSINESS,4.2,55,"5,000,000+",0,Everyone,4.1 and up,1,0,0,0,1,1,1,1,0,1,1
Call Blocker,80,BUSINESS,4.6,3.2,"5,000,000+",0,Everyone,4.0 and up,1,0,1,0,1,1,1,1,0,1,1
Plugin:AOT v5.0,81,BUSINESS,3.1,23,"100,000+",0,Everyone,2.2 and up,0,0,0,0,1,1,1,1,0,0,1
Kariyer.net,82,BUSINESS,3.9,16,"1,000,000+",0,Everyone,4.1 and up,0,1,0,0,1,1,1,1,1,1,1
ZOOM Cloud Meetings,83,BUSINESS,4.4,37,"10,000,000+",0,Everyone,4.0 and up,0,0,0,0,1,1,1,1,1,0,1
"IndiaMART: Search Products, Buy, Sell & Trade",84,BUSINESS,4.5,11,"5,000,000+",0,Everyone,4.0 and up,0,1,1,1,1,1,1,1,1,0,1
ViettelPost express delivery,85,BUSINESS,4.4,25,"100,000+",0,Everyone,4.1 and up,0,1,1,1,1,1,1,1,1,0,1
MyASUS - Service Center,86,BUSINESS,4.4,7.3,"10,000,000+",0,Everyone,4.2 and up,0,1,0,0,1,1,1,1,1,0,1
Secure Folder,87,BUSINESS,4.7,7.5,"100,000+",0,Everyone,4.0.3 and up,0,0,1,1,1,1,1,1,0,0,1
Fast Scanner : Free PDF Scan,88,BUSINESS,4.7,39,"10,000,000+",0,Everyone,3.0 and up,1,0,0,0,1,1,1,1,1,1,1
Mobile Doc Scanner (MDScan) Lite,89,BUSINESS,4.5,14,"10,000,000+",0,Everyone,4.1 and up,0,1,1,0,1,1,1,1,1,1,1
TurboScan: scan documents and receipts in PDF,90,BUSINESS,4.2,19,"1,000,000+",0,Everyone,4.1 and up,0,0,0,0,1,1,1,1,1,0,1
Tiny Scanner Pro: PDF Doc Scan,91,BUSINESS,4.7,6.8,"100,000+",1,Everyone,4.0 and up,0,0,0,0,1,1,1,1,1,0,1
Box,92,BUSINESS,4.8,39,"100,000+",1,Everyone,3.0 and up,0,0,1,0,1,1,1,1,0,0,1
Zenefits,93,BUSINESS,4.2,22,"10,000,000+",0,Everyone,4,,1,0,0,1,1,1,1,0,0,1
Google Ads,94,BUSINESS,4.2,14,"50,000+",0,Everyone,4.1 and up,0,0,1,0,0,0,0,0,0,0,1
Google My Business,95,BUSINESS,4.3,20,"5,000,000+",0,Everyone,4.0.3 and up,0,0,1,1,0,0,0,0,0,0,1
Slack,96,BUSINESS,4.4,18,"5,000,000+",0,Everyone,4.4 and up,0,0,1,1,1,1,1,1,1,0,1
Insightly CRM,97,BUSINESS,4.1,26,"100,000+",0,Everyone,4.2 and up,0,0,1,1,1,1,1,1,0,0,1
QuickBooks Accounting: Invoicing & Expenses,98,BUSINESS,3.8,51,"100,000+",0,Everyone,5.0 and up,0,1,1,1,1,1,1,1,0,0,1
HipChat - Chat Built for Teams,99,BUSINESS,4.3,41,"1,000,000+",0,Everyone,4.1 and up,0,0,0,0,1,1,1,1,1,0,1
"MailChimp - Email, Marketing Automation",100,BUSINESS,3.8,20,"500,000+",0,Everyone,4.1 and up,0,0,0,0,1,1,1,1,1,0,1
Crew - Free Messaging and Scheduling,101,BUSINESS,4.1,12,"500,000+",0,Everyone,5.0 and up,1,1,1,0,1,1,1,1,0,0,1
Asana: organize team projects,102,BUSINESS,4.6,48,"500,000+",0,Everyone,4.0.3 and up,0,0,1,1,1,1,1,1,0,0,1
Google Analytics,103,BUSINESS,4.3,10,"1,000,000+",0,Everyone,5.0 and up,0,0,1,0,0,0,0,0,0,0,1
AdWords Express,104,BUSINESS,4.5,22,"1,000,000+",0,Everyone,4.4 and up,0,0,1,0,1,1,1,1,0,0,1
Accounting App - Zoho Books,105,BUSINESS,4.1,11,"1,000,000+",0,Everyone,4.0 and up,1,1,1,1,1,1,1,1,1,0,1
Invoice & Time Tracking - Zoho,106,BUSINESS,4.5,8.5,"100,000+",0,Everyone,4.1 and up,1,1,1,1,1,1,1,1,1,0,1
join.me - Simple Meetings,107,BUSINESS,4.6,8.6,"100,000+",0,Everyone,4.1 and up,0,1,1,0,1,1,1,1,1,0,1
Invoice 2go — Professional Invoices and Estimates,108,BUSINESS,4,13,"1,000,000+",0,Everyone,4.4 and up,1,1,1,1,1,1,1,1,1,0,1
Cisco Webex Meetings,109,BUSINESS,4.2,28,"1,000,000+",0,Everyone,4.1 and up,0,0,1,1,1,1,1,1,1,0,1
ZOOM Cloud Meetings,110,BUSINESS,4.4,28,"10,000,000+",0,Everyone,4.3 and up,0,1,1,1,1,1,1,1,1,0,1
Cisco Webex Teams,111,BUSINESS,4,9,"100,000+",0,Everyone,5.0 and up,0,0,1,1,1,1,1,1,1,0,1
Start Meeting,112,BUSINESS,4.2,46,"100,000+",0,Everyone,4.4 and up,0,0,1,1,1,1,1,1,1,0,1
ClickMeeting Webinars,113,BUSINESS,4.1,14,"50,000+",0,Everyone,4.0.3 and up,0,0,0,0,0,0,0,0,1,0,1
BlueJeans for Android,114,BUSINESS,3.8,26,"1,000,000+",0,Everyone,4.0 and up,0,1,1,1,1,1,1,1,1,0,1
Insightly CRM,115,BUSINESS,4.1,26,"100,000+",0,Everyone,4.2 and up,0,0,1,1,1,1,1,1,1,0,1
QuickBooks Accounting: Invoicing & Expenses,116,BUSINESS,3.8,51,"100,000+",0,Everyone,5.0 and up,1,1,1,1,1,1,1,1,1,0,1
HipChat - Chat Built for Teams,117,BUSINESS,4.3,41,"1,000,000+",0,Everyone,4.1 and up,0,0,1,1,1,1,1,1,1,0,1
"MailChimp - Email, Marketing Automation",118,BUSINESS,3.8,20,"500,000+",0,Everyone,4.1 and up,0,0,0,0,1,1,1,1,1,0,1
Crew - Free Messaging and Scheduling,119,BUSINESS,4.1,12,"500,000+",0,Everyone,5.0 and up,1,1,1,0,1,1,1,1,1,0,1
Asana: organize team projects,120,BUSINESS,4.6,48,"500,000+",0,Everyone,4.0.3 and up,0,0,1,1,1,1,1,1,0,0,1
Google Analytics,121,BUSINESS,4.3,10,"1,000,000+",0,Everyone,5.0 and up,0,0,1,0,0,0,0,0,0,0,1
AdWords Express,122,BUSINESS,4.5,22,"1,000,000+",0,Everyone,4.4 and up,0,0,1,0,1,1,1,1,0,0,1
Accounting App - Zoho Books,123,BUSINESS,4.1,11,"1,000,000+",0,Everyone,4.0 and up,1,1,1,1,1,1,1,1,1,0,1
Tiny Scanner - PDF Scanner App,124,BUSINESS,4.2,28,"1,000,000+",0,Everyone,4.1 and up,1,0,0,0,1,1,1,1,1,1,1
Fast Scanner : Free PDF Scan,125,BUSINESS,4.7,39,"10,000,000+",0,Everyone,3.0 and up,1,0,0,0,1,1,1,1,1,1,1
Mobile Doc Scanner (MDScan) Lite,126,BUSINESS,4.5,14,"10,000,000+",0,Everyone,4.1 and up,0,1,1,0,1,1,1,1,1,0,1
TurboScan: scan documents and receipts in PDF,127,BUSINESS,4.2,19,"1,000,000+",0,Everyone,4.1 and up,0,0,0,0,1,1,1,1,1,0,1
WhatsApp Messenger,128,COMMUNICATION,4,40,"1,000,000,000+",0,Everyone,4,0,1,1,1,1,1,1,1,1,0,1
Messenger for SMS,129,COMMUNICATION,4.4,27,"1,000,000,000+",0,Everyone,4,0,1,1,1,1,1,1,1,1,1,1
Google Chrome: Fast & Secure,130,COMMUNICATION,4.3,17,"10,000,000+",0,Teen,4.1 and up,0,1,1,1,1,1,1,1,1,0,1
Messenger Lite: Free Calls & Messages,131,COMMUNICATION,4.3,33,"1,000,000,000+",0,Everyone,4.1,0,0,1,1,1,1,1,1,1,0,1
Gmail,132,COMMUNICATION,4.4,23,"100,000,000+",0,Everyone,2.3 and up,0,0,1,1,1,1,1,1,1,1,1
Hangouts,133,COMMUNICATION,4.3,22,"1,000,000,000+",0,Everyone,4,0,1,1,1,1,1,1,1,1,0,1
Firefox Browser fast & private,134,COMMUNICATION,4.3,8.8,"5,000,000+",0,Everyone,4.4 and up,0,1,1,0,1,1,1,1,1,0,1
Yahoo Mail – Stay Organized,135,COMMUNICATION,4.4,52,"100,000,000+",0,Everyone,4.1,1,1,1,1,1,1,1,1,1,1,1
imo free video calls and chat,136,COMMUNICATION,4.3,11,"100,000,000+",0,Everyone,4.0 and up,1,1,1,1,1,1,1,1,1,1,1
Call Free – Free Call,137,COMMUNICATION,4.3,22,"50,000,000+",0,Everyone,5.0 and up,1,1,1,1,1,1,1,1,1,1,1
Web Browser & Explorer,138,COMMUNICATION,4.3,15,"5,000,000+",0,Everyone,4.1 and up,0,1,0,0,1,1,1,1,1,1,1
Opera Mini - fast web browser,139,COMMUNICATION,4,6.6,"5,000,000+",0,Everyone,4.0.3,0,1,1,0,1,1,1,1,1,1,1
Xperia Link™,140,COMMUNICATION,4.4,23,"5,000,000+",0,Everyone,4,0,1,1,1,1,1,1,1,1,0,1
TouchPal Keyboard - Fun Emoji & Android Keyboard,141,COMMUNICATION,4.1,18,"10,000,000+",0,Everyone,4,1,1,1,1,1,1,1,1,1,1,1
Skype Lite - Free Video Call & Chat,142,COMMUNICATION,4.3,15,"100,000,000+",0,Teen,4,0,1,1,1,1,1,1,1,1,0,1
WeChat,143,COMMUNICATION,4.2,22,"5,000,000+",0,Everyone,4.0.3 and up,1,1,1,1,1,1,1,1,1,0,1
UC Browser Mini -Tiny Fast Private & Secure,144,COMMUNICATION,4.2,18,"100,000,000+",0,Everyone,4,0,1,1,0,1,1,1,1,1,1,1
Telegram,145,COMMUNICATION,4.2,15,"100,000,000+",0,Everyone,4,0,1,1,1,1,1,1,1,1,0,1
Google Duo - High Quality Video Calls,146,COMMUNICATION,4.4,21,"100,000,000+",0,Mature 17+,4,0,1,1,1,1,1,1,1,1,0,1
Microsoft Edge,147,COMMUNICATION,3.7,61,"5,000,000+",0,Everyone,4.3 and up,0,1,1,1,1,1,1,1,1,0,1
Calls & Text by Mo+,148,COMMUNICATION,4.1,25,"10,000,000+",0,Everyone,4.2 and up,1,1,1,1,1,1,1,1,1,1,1
free video calls and chat,149,COMMUNICATION,4.2,14,"5,000,000+",0,Everyone,4.0 and up,0,1,0,0,1,1,1,1,1,1,1
BBM - Free Calls & Messages,150,COMMUNICATION,4.3,8.4,"1,000,000+",0,Everyone,4.0.3 and up,1,1,1,1,1,1,1,1,1,1,1
2ndLine - Second Phone Number,151,COMMUNICATION,4.4,4,"1,000,000+",0,Everyone,5.0 and up,1,1,1,1,1,1,1,1,1,1,1
Google Allo,152,COMMUNICATION,4.2,32,"1,000,000+",0,Everyone,4.0 and up,0,1,1,1,1,1,1,1,1,0,1
Puffin Web Browser,153,COMMUNICATION,4.6,6.1,"50,000,000+",0,Everyone,4.0 and up,0,1,1,1,1,1,1,1,1,1,1
Ghostery Privacy Browser,154,COMMUNICATION,4.5,40,"500,000,000+",0,Teen,4.0 and up,0,1,1,0,1,1,1,1,1,0,1
InBrowser - Incognito Browsing,155,COMMUNICATION,4.1,2.2,"1,000,000+",0,Everyone,4.0.3 and up,0,0,0,0,1,1,1,1,0,0,1
DU Browser—Browse fast & fun,156,COMMUNICATION,4.1,4.3,"1,000,000+",0,Everyone,4.0 and up,0,0,1,0,1,1,1,1,0,0,1
Lightning Web Browser,157,COMMUNICATION,4.3,4.7,"10,000,000+",0,Everyone,4.0 and up,0,1,0,0,1,1,1,1,0,0,1
ExDialer - Dialer & Contacts,158,COMMUNICATION,4.2,11,"10,000,000+",0,Everyone,4.0.3 and up,0,0,0,0,1,1,1,1,0,0,1
Full Screen Caller ID,159,COMMUNICATION,4.4,3.7,"1,000,000+",0,Everyone,4.0 and up,1,0,1,1,1,1,1,1,1,1,1
Hiya - Caller ID & Block,160,COMMUNICATION,4.2,10,"5,000,000+",0,Everyone,4.0.3 and up,1,1,1,1,1,0,1,0,0,0,1
Call Blocker,161,COMMUNICATION,4.4,13,"10,000,000+",0,Mature 17+,5.0 and up,1,0,1,0,1,1,1,1,0,1,1
Mr. Number-Block calls & spam,162,COMMUNICATION,4.1,10,"1,000,000+",0,Everyone,4.0.3 and up,1,1,1,1,1,0,1,0,0,0,1
Should I Answer?,163,COMMUNICATION,4.2,13,"10,000,000+",0,Mature 17+,5.0 and up,0,0,1,0,0,0,0,0,0,0,1
Whoscall - Caller ID & Block,164,COMMUNICATION,4.4,20,"10,000,000+",0,Everyone,4.1 and up,1,1,1,1,1,1,1,1,0,1,1
CIA - Caller ID & Call Blocker,165,COMMUNICATION,4.4,29,"10,000,000+",0,Everyone,4.1 and up,1,1,1,1,1,1,1,1,1,0,1
True Contact - Real Caller ID,166,COMMUNICATION,4.4,11,"5,000,000+",0,Everyone,4.1 and up,1,1,1,1,1,1,1,1,0,1,1
Sync.ME – Caller ID & Block,167,COMMUNICATION,4.2,17,"1,000,000+",0,Everyone,4.0.3 and up,1,0,1,1,1,1,1,1,1,1,1
K-9 Mail,168,COMMUNICATION,4.3,16,"100,000,000+",0,Everyone,4.4 and up,0,0,1,1,1,1,1,1,0,0,1
"myMail – Email for Hotmail, Gmail and Outlook Mail",169,COMMUNICATION,4.2,5.1,"5,000,000+",0,Everyone,4.0.3 and up,0,0,1,1,1,1,1,1,0,0,1
All Email Providers,170,COMMUNICATION,4.6,44,"1,000,000+",0,Everyone,4.1 and up,0,1,0,0,1,1,1,1,0,1,1
"Newton Mail - Email App for Gmail, Outlook, IMAP",171,COMMUNICATION,4.1,7.3,"1,000,000+",0,Everyone,4.1 and up,1,1,1,1,1,1,1,1,0,0,1
Ai La Trieu Phu - ALTP Free,172,EDUCATION,4.7,3.3,"10,000,000+",0,Everyone,4.0 and up,1,0,0,0,0,0,0,0,0,0,1
Learn Spanish - Español,173,EDUCATION,4.5,39,"5,000,000+",0,Everyone,4.0 and up,0,0,0,0,1,1,1,1,0,0,1
English Grammar Test,174,EDUCATION,4.7,3.2,"1,000,000+",0,Everyone,4.0 and up,0,0,0,0,1,1,1,1,0,1,1
Speed Reading,175,EDUCATION,4.8,5.1,"500,000+",0,Everyone,4.0.3 and up,1,0,0,0,1,1,1,1,0,1,1
English for beginners,176,EDUCATION,4.6,11,"500,000+",0,Everyone,4.0 and up,1,0,0,0,1,1,1,1,0,1,1
Mermaids,177,EDUCATION,4.6,37,"1,000,000+",0,Everyone,4.1 and up,1,0,0,0,1,1,1,1,0,1,1
Kids Mode,178,EDUCATION,4.9,26,"1,000,000+",0,Everyone,4.2 and up,0,0,0,0,0,0,0,0,0,1,1
Cars Coloring Pages,179,EDUCATION,4.4,41,"500,000+",0,Everyone,4.0 and up,1,0,0,0,1,1,1,1,0,1,1
Babbel – Learn Languages,180,EDUCATION,4.4,49,"1,000,000+",0,Everyone,4.0 and up,1,0,1,0,1,0,1,0,0,0,1
Math Tricks,181,EDUCATION,4.3,21,"10,000,000+",0,Everyone,4.4 and up,1,0,0,0,0,0,0,0,0,1,1
Learn English Words Free,182,EDUCATION,4.4,51,"1,000,000+",0,Everyone,2.3 and up,0,1,0,0,1,1,1,1,0,0,1
Japanese / English one-shop search dictionary - Free Japanese - English - Japanese dictionary application,183,EDUCATION,4.6,14,"5,000,000+",0,Everyone,4.1 and up,1,0,0,0,1,1,1,1,0,1,1
English speaking texts,184,EDUCATION,3.9,18,"50,000+",0,Mature 17+,5.0 and up,0,0,0,0,0,0,0,0,0,1,1
ABC Preschool Free,185,EDUCATION,4.2,84,"1,000,000+",0,Everyone,4.4 and up,1,1,0,0,1,1,1,1,0,1,1
Lumosity: #1 Brain Games & Cognitive Training App,186,EDUCATION,4.3,3.9,"100,000+",0,Everyone,4.1 and up,1,1,1,0,1,1,1,1,0,0,1
English with Lingualeo,187,EDUCATION,4.3,21,"100,000+",0,Everyone,4.0.3 and up,1,0,0,0,1,1,1,1,0,0,1
"Learn languages, grammar & vocabulary with Memrise",188,EDUCATION,4.7,27,"5,000,000+",0,Everyone,4.1 and up,1,0,0,0,1,1,1,1,0,0,1
TED,189,EDUCATION,4.6,21,"5,000,000+",0,Everyone,4.1 and up,0,0,0,0,1,1,1,1,0,1,1
Quizlet: Learn Languages & Vocab with Flashcards,190,EDUCATION,4.6,18,"10,000,000+",0,Everyone 10+,4.1 and up,1,0,0,0,1,1,1,1,1,1,1
Coursera: Online courses,191,EDUCATION,4.5,18,"1,000,000+",0,Everyone,5.0 and up,0,0,1,0,1,1,1,1,0,0,1
Lynda - Online Training Videos,192,EDUCATION,4.4,97,"1,000,000+",0,Everyone,4.1 and up,0,0,0,0,1,1,1,1,0,0,1
Brilliant,193,EDUCATION,4.2,17,"1,000,000+",0,Everyone,4.1 and up,1,0,0,0,0,0,0,0,0,0,1
C++ Tutorials,194,EDUCATION,4,2,"10,000+",0,Everyone,4.0 and up,0,0,0,0,0,0,0,0,0,1,1
C++ Programming,195,EDUCATION,4.1,1.9,"50,000+",0,Everyone,2.3 and up,0,0,0,0,0,0,0,0,0,1,1
C Programming,196,EDUCATION,4.3,1.8,"1,000,000+",0,Everyone,2.3 and up,0,0,0,0,0,0,0,0,0,1,1
Udemy - Online Courses,197,EDUCATION,4.3,17,"1,000,000+",0,Everyone,5.0 and up,1,0,0,0,1,1,1,1,0,0,1
Learn programming,198,EDUCATION,4.6,5.3,"1,000,000+",0,Everyone,4.0 and up,1,0,0,0,1,1,1,1,0,1,1
Learn Java,199,EDUCATION,4.6,5.4,"1,000,000+",0,Everyone,4.0 and up,0,1,0,0,1,1,1,1,0,0,1
Learn HTML,200,EDUCATION,4.7,5.4,"1,000,000+",0,Everyone,4.0 and up,0,1,0,0,1,1,1,1,0,0,1
"Programming Hub, Learn to code",201,EDUCATION,4.7,5.4,"1,000,000+",0,Everyone,4.0 and up,1,0,1,0,1,1,1,1,0,0,1
Learn SQL,202,EDUCATION,4.3,15,"1,000,000+",0,Everyone,4.1 and up,0,1,0,0,1,1,1,1,0,0,1
Ready4 SAT (Prep4 SAT),203,EDUCATION,4.7,5.3,"1,000,000+",0,Everyone,4.0 and up,1,1,1,1,1,1,1,1,0,0,1
Socratic - Math Answers & Homework Help,204,EDUCATION,4.6,48,"100,000+",0,Everyone,4.4 and up,0,0,1,0,1,1,1,1,1,0,1
Pocket GMAT Math,205,EDUCATION,4.6,47,"100,000+",0,Everyone,4.4 and up,0,0,0,0,0,0,0,0,0,1,1
GRE Tutor,206,EDUCATION,4.2,29,"10,000+",0,Everyone,2.3.3 and up,0,0,0,0,0,0,0,0,0,0,1
GRE Flashcards,207,EDUCATION,4,2.3,"50,000+",0,Everyone,2.1 and up,0,0,0,0,1,1,1,1,0,0,1
SAT Test,208,EDUCATION,4.2,4.4,"100,000+",0,Everyone,2.3.3 and up,1,0,0,0,1,1,1,1,0,1,1
GMAT Math Flashcards,209,EDUCATION,4.1,6.6,"100,000+",0,Everyone,4.0 and up,0,0,0,0,1,1,1,1,0,0,1
Pocket SAT Math,210,EDUCATION,4.4,22,"100,000+",0,Everyone,4,0,0,0,0,0,0,0,0,0,1,1
GRE Prep & Practice by Magoosh,211,EDUCATION,4.5,12,"100,000+",0,Everyone,4.1 and up,0,0,0,0,1,1,1,1,0,0,1
SAT Vocabulary,212,EDUCATION,4,29,"50,000+",0,Everyone,4.0 and up,0,0,0,0,0,0,0,0,0,1,1
Duolingo: Learn Languages Free,213,EDUCATION,4.6,18,"10,000,000+",0,Everyone 10+,4.1 and up,1,0,1,0,1,1,1,1,1,1,1
"edX - Online Courses by Harvard, MIT & more",214,EDUCATION,4.3,17,"1,000,000+",0,Everyone,5.0 and up,0,0,0,0,1,1,1,1,1,0,1
Rosetta Stone: Learn to Speak & Read New Languages,215,EDUCATION,4.6,10,"1,000,000+",0,Everyone 10+,4.1 and up,1,0,0,0,1,1,1,1,1,0,1
Google Classroom,216,EDUCATION,4.5,76,"5,000,000+",0,Everyone,5.0 and up,0,0,1,0,1,1,1,1,0,0,1
"Learn languages, grammar & vocabulary with Memrise",217,EDUCATION,4.2,17,"1,000,000+",0,Everyone,4.1 and up,1,0,0,0,1,1,1,1,0,0,1
Babbel – Learn Languages,218,EDUCATION,4.6,18,"1,000,000+",0,Everyone,4.4 and up,1,0,1,0,1,1,1,1,0,0,1
Learn English with Phrases,219,EDUCATION,4.3,21,"10,000,000+",0,Everyone,4.4 and up,1,0,0,0,1,1,1,1,0,1,1
Mango Languages: Lovable Language Courses,220,EDUCATION,4.4,11,"1,000,000+",0,Everyone,4.4 and up,1,1,0,0,0,0,0,0,0,0,1
Learn English with Aco,221,EDUCATION,4,19,"500,000+",0,Everyone,4.2 and up,0,0,0,0,0,0,0,0,0,0,1
Learn to Speak English,222,EDUCATION,4.6,6.5,"1,000,000+",0,Everyone,4.1 and up,1,0,0,0,1,1,1,1,0,1,1
"Learn languages, grammar & vocabulary with Memrise",223,EDUCATION,4.4,7,"1,000,000+",0,Everyone,4.0 and up,1,0,0,0,1,1,1,1,0,0,1
"busuu: Learn Languages - Spanish, English & More",224,EDUCATION,4.7,3.3,"10,000,000+",0,Everyone,4.0 and up,1,0,0,0,1,1,1,1,0,0,1
My Class Schedule: Timetable,225,EDUCATION,4.3,21,"10,000,000+",0,Everyone 10+,5.0 and up,1,0,1,0,1,1,1,1,1,1,1
My Study Life - School Planner,226,EDUCATION,4.2,2.6,"500,000+",0,Everyone,2.3 and up,0,0,1,0,1,1,1,1,0,0,1
Next Gen Science Standards,227,EDUCATION,4.3,5.2,"1,000,000+",0,Everyone,4.0 and up,0,0,0,0,1,1,1,1,0,0,1
myHomework Student Planner,228,EDUCATION,4.3,18,"50,000+",0,Everyone,2.3 and up,1,1,1,0,1,1,1,1,0,1,1
Common Core,229,EDUCATION,4.2,16,"100,000+",0,Everyone,4.0.3 and up,0,0,0,0,1,1,1,1,0,0,1
Socrative Teacher,230,EDUCATION,4.1,18,"10,000,000+",0,Everyone,4.0.3 and up,0,0,0,0,0,0,0,0,0,0,1
Remind: School Communication,231,EDUCATION,3.9,1.8,"100,000+",0,Everyone,3.2 and up,0,0,1,1,1,1,1,1,0,0,1
"HelloTalk — Chat, Speak & Learn Foreign Languages",232,EDUCATION,4,6.9,"500,000+",0,Everyone,3.0 and up,1,1,1,0,1,1,1,1,1,1,1
Mango Languages: Lovable Language Courses,233,EDUCATION,4.4,14,"5,000,000+",0,Everyone,4.0 and up,1,1,0,0,0,0,0,0,0,0,1
Innovative: Learn 34 Languages,234,EDUCATION,4.5,76,"5,000,000+",0,Everyone,5.0 and up,1,0,0,0,1,1,1,1,0,0,1
My Class Schedule: Timetable,235,EDUCATION,4.5,21,"500,000+",0,Everyone,3.0 and up,1,0,1,0,1,1,1,1,0,0,1
Canvas Student,236,EDUCATION,4.3,21,"10,000,000+",0,Everyone 10+,5.0 and up,0,0,1,0,1,1,1,1,0,0,1
Quizlet: Learn Languages & Vocab with Flashcards,237,EDUCATION,4.4,59,"10,000,000+",0,Everyone,4.1 and up,1,0,0,0,1,1,1,1,1,1,1
SoloLearn: Learn to Code for Free,238,EDUCATION,4.3,21,"10,000,000+",0,Everyone 10+,5.0 and up,1,1,1,0,1,1,1,1,0,1,1
Kids Learn Languages by Mondly,239,EDUCATION,4.5,76,"5,000,000+",0,Everyone,5.0 and up,1,0,0,0,0,0,0,0,0,0,1
Sago Mini Hat Maker,240,EDUCATION,4.8,7.6,"1,000,000+",0,Teen,4.0.3 and up,0,0,0,0,1,1,1,1,1,0,1
Fuzzy Numbers: Pre-K Number Foundation,241,EDUCATION,4.1,13,"1,000,000+",0,Everyone,4.1 and up,0,0,0,0,0,0,0,0,0,0,1
Toca Life: City,242,EDUCATION,4.9,63,"1,000+",1,Everyone,4.0.3 and up,0,0,0,0,1,1,1,1,0,0,1
Toca Life: Hospital,243,EDUCATION,4.7,44,"1,000+",1,Everyone,4.1 and up,0,0,0,0,1,1,1,1,0,0,1
YouTube Kids,244,ENTERTAINMENT,4,4.5,"1,000,000+",0,Everyone,4.0.3 and up,0,0,1,0,1,1,1,1,0,1,1
TV+,245,ENTERTAINMENT,4.3,11,"10,000,000+",0,Teen,4.1 and up,1,0,1,0,0,0,0,0,0,0,1
Hotstar,246,ENTERTAINMENT,4.6,3.3,"10,000,000+",0,Everyone,4.2 and up,1,1,0,0,1,1,1,1,0,1,1
StarTimes - Live International Champions Cup,247,ENTERTAINMENT,3.8,12,"1,000,000+",0,Everyone,4.0 and up,0,0,0,0,1,1,1,1,0,0,1
MEGOGO - Cinema and TV,248,ENTERTAINMENT,4.3,5.6,"5,000,000+",0,Everyone,2.3.3 and up,1,0,1,0,1,1,1,1,0,1,1
Talking Angela,249,ENTERTAINMENT,4.4,9.7,"1,000,000+",0,Everyone,4.0.3 and up,1,0,0,0,1,1,1,1,1,1,1
DStv Now,250,ENTERTAINMENT,4.4,15,"1,000,000+",0,Mature 17+,4.1 and up,0,0,0,0,1,0,1,0,1,0,1
Radio Javan,251,ENTERTAINMENT,3.7,52,"100,000,000+",0,Everyone,4.1 and up,0,1,0,0,1,1,1,1,0,1,1
Girly Lock Screen Wallpaper with Quotes,252,ENTERTAINMENT,4.4,4.5,"1,000,000+",0,Everyone,4.2 and up,0,0,0,0,0,0,0,0,0,1,1
"Movies by Flixster, with Rotten Tomatoes",253,ENTERTAINMENT,4.2,18,"5,000,000+",0,Everyone,4.1 and up,0,0,0,0,1,1,1,1,0,1,1
Low Poly – Puzzle art game,254,ENTERTAINMENT,4.5,13,"10,000,000+",0,Everyone,4.1 and up,1,0,0,0,1,1,1,1,0,1,1
BBC Media Player,255,ENTERTAINMENT,4.7,4,"1,000,000+",0,Everyone,4.0.3 and up,0,0,0,0,0,0,0,0,0,0,1
Amazon Prime Video,256,ENTERTAINMENT,4.5,16,"10,000,000+",0,Everyone,4.4 and up,1,1,1,0,1,1,1,1,0,1,1
Adult Glitter Color by Number Book - Sandbox Pages,257,ENTERTAINMENT,4.5,17,"1,000,000+",0,Everyone,4.1 and up,1,0,0,0,1,1,1,1,0,1,1
Talking Ben the Dog,258,ENTERTAINMENT,4.1,78,"1,000,000+",0,Teen,4.3 and up,1,0,0,0,1,1,1,1,0,1,1
Trailer Addict Movie Trailers,259,ENTERTAINMENT,4.2,25,"50,000,000+",0,Everyone,4.1 and up,0,0,0,0,0,0,0,0,0,1,1
Cinemark Theatres,260,ENTERTAINMENT,4.3,57,"100,000,000+",0,Everyone,4.1 and up,0,1,0,0,1,1,1,1,0,0,1
IMDb Movies & TV,261,ENTERTAINMENT,3.6,8.5,"100,000+",0,Everyone,6.0 and up,0,1,0,0,0,0,0,0,0,1,1
Netflix,262,ENTERTAINMENT,4.3,12,"100,000+",0,Everyone,4.1 and up,1,0,0,0,1,1,1,1,0,1,1
Food Network,263,ENTERTAINMENT,4.3,72,"1,000,000+",0,Everyone,5.0 and up,0,0,0,0,0,0,0,0,0,1,1
Crunchyroll - Everything Anime,264,ENTERTAINMENT,4.2,9.6,"100,000+",0,Teen,4.1 and up,0,0,1,0,1,1,1,1,0,1,1
STARZ,265,ENTERTAINMENT,4.5,13,"1,000,000+",0,Teen,4.1 and up,1,0,0,0,1,1,1,1,0,0,1
HISTORY: Watch TV Show Full Episodes & Specials,266,ENTERTAINMENT,3.8,12,"10,000,000+",0,Teen,4.1 and up,0,0,0,0,0,0,0,0,0,1,1
HISTORY: Watch TV Show Full Episodes & Specials,266,EDUCATION,3.8,12,"10,000,000+",0,Teen,4.1 and up,0,0,0,0,0,0,0,0,0,1,1
HISTORY: Watch TV Show Full Episodes & Specials,266,BOOKS_AND_REFERENCE,3.8,12,"10,000,000+",0,Teen,4.1 and up,0,0,0,0,0,0,0,0,0,1,1
HISTORY: Watch TV Show Full Episodes & Specials,266,BUSINESS,3.8,12,"10,000,000+",0,Teen,4.1 and up,0,0,0,0,0,0,0,0,0,1,1
FOX NOW - On Demand & Live TV,267,ENTERTAINMENT,4.1,20,"1,000,000+",0,Teen,4.4 and up,0,1,0,0,1,1,1,1,0,1,1
A&E - Watch Full Episodes of TV Shows,268,ENTERTAINMENT,4.2,25,"10,000,000+",0,Everyone 10+,4.4 and up,0,1,0,0,1,1,1,1,0,0,1
The CW,269,ENTERTAINMENT,4.1,17,"1,000,000+",0,Teen,4.4 and up,0,0,0,0,0,0,0,0,0,0,1
"Hulu: Stream TV, Movies & more",270,ENTERTAINMENT,4,19,"1,000,000+",0,Teen,4.4 and up,0,1,0,0,1,1,1,1,1,0,1
Univision NOW - Live TV and On Demand,271,ENTERTAINMENT,4.2,19,"1,000,000+",0,Teen,4.4 and up,0,0,1,0,1,1,1,1,0,1,1
WWE,272,ENTERTAINMENT,4.1,17,"5,000,000+",0,Teen,4.1 and up,0,1,1,0,0,0,0,0,0,1,1
Universal Kids,273,ENTERTAINMENT,4.5,20,"10,000,000+",0,Teen,4.1 and up,0,1,0,0,1,1,1,1,0,0,1
MTV,274,ENTERTAINMENT,4,19,"1,000,000+",0,Teen,4.4 and up,0,0,1,0,1,1,1,1,1,1,1
BET NOW - Watch Shows,275,ENTERTAINMENT,3.6,21,"500,000+",0,Everyone,4.4 and up,0,1,0,0,1,1,1,1,1,0,1
LEGO® TV,276,ENTERTAINMENT,3.8,15,"1,000,000+",0,Teen,4.4 and up,0,0,0,0,1,1,1,1,1,0,1
Showtime Anytime,277,ENTERTAINMENT,4.2,19,"1,000,000+",0,Teen,4.4 and up,0,0,0,0,1,1,1,1,0,0,1
PlayKids - Educational cartoons and games for kids,278,ENTERTAINMENT,3.7,7.2,"1,000,000+",0,Everyone 10+,5.0 and up,1,0,0,0,0,0,0,0,0,0,1
FOX,279,ENTERTAINMENT,3.8,32,"10,000,000+",0,Teen,4.1 and up,0,1,0,0,1,1,1,1,0,1,1
Tubi TV - Free Movies & TV,280,ENTERTAINMENT,3.7,44,"10,000,000+",0,Mature 17+,4.4 and up,0,1,0,0,0,0,0,0,0,1,1
Vudu Movies & TV,281,ENTERTAINMENT,3.9,19,"1,000,000+",0,Teen,4.4 and up,1,0,0,0,1,1,1,1,0,0,1
Crunchyroll - Everything Anime,282,ENTERTAINMENT,4.3,11,"10,000,000+",0,Teen,4.1 and up,0,0,1,0,1,1,1,1,0,1,1
Food Network,283,ENTERTAINMENT,4.2,25,"10,000,000+",0,Everyone 10+,4.4 and up,0,0,0,0,0,0,0,0,0,1,1
Viki: Asian TV Dramas & Movies,284,ENTERTAINMENT,4.5,16,"10,000,000+",0,Everyone,4.4 and up,1,0,0,0,1,1,1,1,0,1,1
Redbox,285,ENTERTAINMENT,4.1,20,"1,000,000+",0,Teen,4.4 and up,0,0,0,0,0,0,0,0,0,0,1
Tribeca Shortlist - Handpicked Movies,286,ENTERTAINMENT,4.1,30,"10,000,000+",0,Everyone,5.0 and up,0,0,0,0,0,0,0,0,0,1,1
SHOWTIME,287,ENTERTAINMENT,3.9,57,"100,000+",0,Teen,4.3 and up,0,0,0,0,1,1,1,1,0,0,1
Lifetime - Watch Full Episodes & Original Movies,288,ENTERTAINMENT,4,19,"1,000,000+",0,Teen,4.4 and up,0,1,1,0,1,1,1,1,0,1,1
BET NOW - Watch Shows,289,ENTERTAINMENT,4.1,17,"1,000,000+",0,Teen,4.4 and up,0,1,0,0,1,1,1,1,1,0,1
FOX,290,ENTERTAINMENT,3.8,15,"1,000,000+",0,Teen,4.4 and up,0,1,0,0,1,1,1,1,0,1,1
Telemundo Now,291,ENTERTAINMENT,4,19,"1,000,000+",0,Teen,4.4 and up,0,1,0,0,1,1,1,1,0,1,1
Nick Jr. - Shows & Games,292,ENTERTAINMENT,3.9,19,"1,000,000+",0,Teen,4.4 and up,1,0,0,0,0,0,0,0,0,0,1
Sticker Market: Emoji keyboard,293,ENTERTAINMENT,4.2,19,"1,000,000+",0,Teen,4.4 and up,1,1,1,1,1,1,1,1,1,1,1
Viki: Asian TV Dramas & Movies,294,ENTERTAINMENT,3.7,44,"10,000,000+",0,Mature 17+,4.4 and up,1,0,0,0,1,1,1,1,0,1,1
Kidjo TV Kids Have Fun & Learn,295,ENTERTAINMENT,3.9,19,"1,000,000+",0,Teen,4.4 and up,1,0,0,0,1,1,1,1,0,0,1
Laugh Out Loud by Kevin Hart,296,ENTERTAINMENT,4.2,35,"1,000,000+",0,Everyone,4.4 and up,1,0,0,0,1,1,1,1,0,1,1
Fandango Movies - Times + Tickets,297,ENTERTAINMENT,4.3,44,"10,000+",0,Teen,4.2 and up,0,1,1,0,1,1,1,1,1,0,1
Hamilton — The Official App,298,ENTERTAINMENT,4.3,20,"100,000+",0,Teen,6.0 and up,1,1,0,0,1,1,1,1,1,1,1
My Talking Pet,299,ENTERTAINMENT,4.6,19,"5,000,000+",0,Everyone,4.0.3 and up,0,0,0,0,1,1,1,1,1,0,1
Funny Quotes Free,300,ENTERTAINMENT,4.2,25,"10,000,000+",0,Everyone 10+,4.4 and up,0,0,0,0,1,1,1,1,0,1,1
"Imgur: Find funny GIFs, memes & watch viral videos",301,ENTERTAINMENT,4.5,43,"100,000+",0,Everyone,5.0 and up,0,0,1,0,1,1,1,1,1,1,1
Meme Generator,302,ENTERTAINMENT,4.2,3.6,"1,000,000+",0,Teen,4.0 and up,0,0,0,0,1,1,1,1,0,1,1
SketchBook - draw and paint,303,ENTERTAINMENT,4.4,7.7,"1,000,000+",0,Teen,2.3.3 and up,0,0,0,0,1,1,1,1,1,0,1
Colorfy: Coloring Book for Adults - Free,304,ENTERTAINMENT,4.2,44,"1,000,000+",0,Mature 17+,2.3 and up,1,1,1,0,1,1,1,1,1,1,1
ROBLOX,305,ENTERTAINMENT,4.3,12,"10,000,000+",0,Teen,5.0 and up,1,0,1,0,0,0,0,0,0,1,1
Subway Surfers,306,ENTERTAINMENT,4.6,53,"100,000+",1,Mature 17+,4.1 and up,1,0,0,0,1,1,1,1,0,1,1
Solitaire,307,ENTERTAINMENT,4.3,77,"10,000,000+",0,Everyone,4.0.3 and up,0,0,0,0,1,1,1,1,0,1,1
Bubble Shooter,308,GAME,4.5,67,"100,000,000+",0,Everyone 10+,4.1 and up,1,0,0,0,0,0,0,0,0,1,1
Hello Kitty Nail Salon,309,GAME,4.5,76,"1,000,000,000+",0,Everyone 10+,4.1 and up,1,0,0,0,1,1,1,1,1,1,1
slither.io,310,GAME,4.4,74,"500,000,000+",0,Everyone,4.1 and up,1,0,0,0,1,1,1,1,0,1,1
Clash Royale,311,GAME,4.7,23,"10,000,000+",0,Everyone,4.1 and up,1,0,0,0,1,1,1,1,0,0,1
Temple Run 2,312,GAME,4.5,46,"10,000,000+",0,Everyone,4.0.3 and up,1,0,0,0,0,1,1,1,0,1,1
Helix Jump,313,GAME,4.2,24,"50,000,000+",0,Everyone,4.1 and up,1,0,0,0,0,0,0,0,0,1,1
Block Puzzle,314,GAME,4.6,97,"100,000,000+",0,Everyone 10+,4.1 and up,0,1,0,0,1,1,1,1,0,1,1
Angry Birds Rio,315,GAME,4.3,62,"500,000,000+",0,Everyone,4.0 and up,1,0,1,0,0,0,0,0,0,1,1
Plants vs. Zombies FREE,316,GAME,4.3,24,"500,000,000+",0,Everyone,4.0 and up,1,0,1,0,1,1,1,1,0,1,1
Sonic Dash,317,GAME,4.2,33,"100,000,000+",0,Everyone,4.1 and up,1,0,0,0,0,0,0,0,0,1,1
Candy Crush Soda Saga,318,GAME,4.6,7.8,"5,000,000+",0,Everyone,2.3 and up,1,0,0,0,0,0,0,0,0,0,1
Zombie Hunter King,319,GAME,4.4,46,"100,000,000+",0,Everyone,4.1 and up,0,0,0,0,0,0,0,0,0,1,1
Clash of Clans,320,GAME,4.4,69,"100,000,000+",0,Everyone 10+,4.1 and up,1,0,0,0,1,1,1,1,0,0,1
Kick the Buddy,321,GAME,4.5,75,"100,000,000+",0,Everyone,4.1 and up,1,0,0,0,0,0,0,0,0,1,1
Block Puzzle Classic Legend !,322,GAME,4.4,67,"100,000,000+",0,Everyone,4.1 and up,0,0,0,0,0,0,0,0,0,1,1
PAC-MAN,323,GAME,4.3,50,"1,000,000+",0,Mature 17+,2.3 and up,1,0,0,0,0,0,0,0,0,1,1
8 Ball Pool,324,GAME,4.6,98,"100,000,000+",0,Everyone 10+,4.1 and up,1,0,0,0,0,0,0,0,0,1,1
Magic Tiles 3,325,GAME,4.2,4.9,"5,000,000+",0,Everyone,2.3.3 and up,1,0,0,0,1,1,1,1,0,1,1
Bubble Witch 3 Saga,326,GAME,4.2,37,"100,000,000+",0,Everyone,4.1 and up,1,0,0,0,0,0,0,0,0,0,1
Word Search,327,GAME,4.5,18,"1,000,000+",0,Everyone,4.0 and up,1,0,0,0,1,1,1,1,0,1,1
Angry Birds Classic,328,GAME,4.5,52,"100,000,000+",0,Everyone,4.0.3 and up,1,0,1,0,1,1,1,1,0,1,1
Flow Free,329,GAME,4.7,78,"50,000,000+",0,Everyone,3.0 and up,1,0,0,0,1,1,1,1,0,1,1
Race the Traffic Moto,330,GAME,4.7,3.9,"10,000,000+",0,Everyone,3.0 and up,1,0,0,0,1,1,1,1,0,1,1
Fishdom,331,GAME,4.5,59,"50,000,000+",0,Teen,4.0 and up,1,0,0,0,0,1,1,1,0,1,1
Galaxy Attack: Alien Shooter,332,GAME,4.4,97,"100,000,000+",0,Everyone,4.1 and up,1,0,0,0,0,0,0,0,0,1,1
Zombie Tsunami,333,GAME,4.3,11,"100,000,000+",0,Everyone,4.1 and up,1,1,1,0,1,1,1,1,0,1,1
Gardenscapes,334,GAME,3.8,38,"10,000,000+",0,Teen,4.0.3 and up,1,0,0,0,1,1,1,1,0,1,1
Marble - Temple Quest,335,GAME,4.1,85,"10,000,000+",0,Everyone,4.1 and up,1,0,0,0,1,1,1,1,0,1,1
Shooting King,336,GAME,4.3,78,"50,000,000+",0,Everyone,4.0 and up,1,0,0,0,0,0,0,0,0,1,1
Minion Rush: Despicable Me Official Game,337,GAME,4.4,63,"100,000,000+",0,Everyone,4.2 and up,1,0,0,0,1,1,1,1,0,1,1
Farm Heroes Saga,338,GAME,4.3,24,"10,000,000+",0,Everyone,4.0.3 and up,1,0,0,0,0,0,0,0,0,0,1
Geometry Dash World,339,GAME,4.4,69,"10,000,000+",0,Everyone 10+,4.0.3 and up,0,0,0,0,1,1,1,1,0,1,1
Cut the Rope FULL FREE,340,GAME,4.7,75,"10,000,000+",0,Everyone,4.1 and up,1,0,0,0,1,1,1,1,0,1,1
Sniper 3D Gun Shooter: Free Shooting Games - FPS,341,GAME,4.4,70,"100,000,000+",0,Everyone,2.3 and up,1,1,0,0,1,1,1,1,0,1,1
Subway Surfers,342,GAME,4.6,63,"10,000,000+",0,Everyone,4.0 and up,0,0,0,0,0,0,1,1,0,1,1
ROBLOX,343,GAME,4.5,99,"100,000,000+",0,Everyone,4.1 and up,1,0,1,0,0,0,0,0,0,1,1
Clash of Clans,344,GAME,4.5,76,"1,000,000,000+",0,Everyone 10+,4.1 and up,1,0,0,0,1,1,1,1,0,0,1
Candy Crush Saga,345,GAME,4.5,67,"100,000,000+",0,Everyone 10+,4.1 and up,1,0,0,0,0,0,0,0,0,0,1
Plants vs. Zombies FREE,346,GAME,4.3,24,"500,000,000+",0,Everyone,4.0 and up,1,0,0,0,1,1,1,1,0,1,1
Cooking Fever,347,GAME,4.5,52,"100,000,000+",0,Everyone,4.0.3 and up,1,0,0,0,1,1,1,1,0,1,1
Toon Blast,348,GAME,4.6,98,"100,000,000+",0,Everyone 10+,4.1 and up,1,0,0,0,0,0,0,0,0,0,1
Score! Hero,349,GAME,4.4,74,"500,000,000+",0,Everyone,4.1 and up,1,0,0,0,0,0,0,0,0,1,1
Toy Blast,350,GAME,4.7,68,"10,000,000+",0,Everyone,4.1 and up,1,0,0,0,1,1,1,1,0,0,1
Wordscapes,351,GAME,4.6,96,"100,000,000+",0,Everyone,4.4 and up,1,0,0,0,0,0,0,0,0,0,1
Fishdom,352,GAME,4.5,99,"10,000,000+",0,Everyone,4.4 and up,1,0,0,0,1,1,1,1,0,1,1
Garena Free Fire,353,GAME,4.8,87,"10,000,000+",0,Everyone,4.1 and up,1,0,0,0,1,1,1,1,0,0,1
Block Puzzle,354,GAME,4.7,3.9,"10,000,000+",0,Everyone,3.0 and up,0,1,0,0,1,1,1,1,0,1,1
Clash Royale,355,GAME,4.4,67,"100,000,000+",0,Everyone,4.1 and up,1,0,0,0,1,1,1,1,0,0,1
My Talking Tom,356,GAME,4.5,53,"100,000,000+",0,Teen,4.0.3 and up,1,0,0,0,1,1,1,1,0,1,1
Granny,357,GAME,4.6,7.8,"5,000,000+",0,Everyone,2.3 and up,1,0,0,0,1,1,1,1,0,1,1
Zombie Catchers,358,GAME,4.6,97,"100,000,000+",0,Everyone 10+,4.1 and up,1,0,0,0,1,1,1,1,0,1,1
Zombie Tsunami,359,GAME,4.4,46,"100,000,000+",0,Everyone,4.1 and up,1,1,1,0,1,1,1,1,0,1,1
Jungle Marble Blast,360,GAME,4.7,75,"10,000,000+",0,Everyone,4.1 and up,1,1,1,0,1,1,1,1,0,1,1
Rider,361,GAME,4.3,50,"1,000,000+",0,Mature 17+,2.3 and up,1,0,0,0,1,1,1,1,0,1,1
